meme,parent
https://knowyourmeme.com/memes/yao-ming-face-bitch-please,https://knowyourmeme.com/memes/subcultures/rage-comics
https://knowyourmeme.com/memes/all-your-base-are-belong-to-us,https://knowyourmeme.com/memes/engrish
https://knowyourmeme.com/memes/lolcats,https://knowyourmeme.com/memes/subcultures/cats
https://knowyourmeme.com/memes/lolcats,https://knowyourmeme.com/memes/subcultures/cats
https://knowyourmeme.com/memes/lolcats,https://knowyourmeme.com/memes/subcultures/cats
https://knowyourmeme.com/memes/lolcats,https://knowyourmeme.com/memes/subcultures/cats
https://knowyourmeme.com/memes/lolcats,https://knowyourmeme.com/memes/subcultures/cats
https://knowyourmeme.com/memes/lolcats,https://knowyourmeme.com/memes/subcultures/cats
https://knowyourmeme.com/memes/lolcats,https://knowyourmeme.com/memes/subcultures/cats
https://knowyourmeme.com/memes/lolcats,https://knowyourmeme.com/memes/subcultures/cats
https://knowyourmeme.com/memes/lolcats,https://knowyourmeme.com/memes/subcultures/cats
https://knowyourmeme.com/memes/lolcats,https://knowyourmeme.com/memes/subcultures/cats
https://knowyourmeme.com/memes/lolcats,https://knowyourmeme.com/memes/subcultures/cats
https://knowyourmeme.com/memes/lolcats,https://knowyourmeme.com/memes/subcultures/cats
https://knowyourmeme.com/memes/nyan-cat,https://knowyourmeme.com/memes/subcultures/cats
https://knowyourmeme.com/memes/nyan-cat,https://knowyourmeme.com/memes/subcultures/cats
https://knowyourmeme.com/memes/nyan-cat,https://knowyourmeme.com/memes/subcultures/cats
https://knowyourmeme.com/memes/facepalm,https://knowyourmeme.com/memes/reaction-images
https://knowyourmeme.com/memes/facepalm,https://knowyourmeme.com/memes/reaction-images
https://knowyourmeme.com/memes/polandball,https://knowyourmeme.com/memes/sites/int
https://knowyourmeme.com/memes/polandball,https://knowyourmeme.com/memes/sites/int
https://knowyourmeme.com/memes/godwins-law,https://knowyourmeme.com/memes/cultures/nazism
https://knowyourmeme.com/memes/the-invisible-pink-unicorn,https://knowyourmeme.com/memes/cultures/atheism
https://knowyourmeme.com/memes/planking,https://knowyourmeme.com/memes/cultures/photo-fads
https://knowyourmeme.com/memes/%E5%9B%A7,https://knowyourmeme.com/memes/emoticons
https://knowyourmeme.com/memes/the-bielefeld-conspiracy,https://knowyourmeme.com/memes/cultures/conspiracy-theories
https://knowyourmeme.com/memes/badger-badger-badger,https://knowyourmeme.com/memes/people/weebls-stuff
https://knowyourmeme.com/memes/mcdonalds-ran-ran-ru-commercials,https://knowyourmeme.com/memes/subcultures/mcdonalds
https://knowyourmeme.com/memes/pedobear,https://knowyourmeme.com/memes/cultures/hacktivism-internet-vigilantism
https://knowyourmeme.com/memes/chuck-norris-facts,https://knowyourmeme.com/memes/people/chuck-norris
https://knowyourmeme.com/memes/goatse,https://knowyourmeme.com/memes/shock-sites
https://knowyourmeme.com/memes/waluigi,https://knowyourmeme.com/memes/subcultures/super-mario
https://knowyourmeme.com/memes/leekspin-loituma-girl,https://knowyourmeme.com/memes/subcultures/bleach
https://knowyourmeme.com/memes/duck-face,https://knowyourmeme.com/memes/selfie
https://knowyourmeme.com/memes/on-the-internet-nobody-knows-youre-a-dog,https://knowyourmeme.com/memes/subcultures/dogs
https://knowyourmeme.com/memes/keyboard-cat,https://knowyourmeme.com/memes/subcultures/cats
https://knowyourmeme.com/memes/jesusland,https://knowyourmeme.com/memes/the-world-according-to
https://knowyourmeme.com/memes/roflcopter,https://knowyourmeme.com/memes/lol-ascii
https://knowyourmeme.com/memes/o-rly,https://knowyourmeme.com/memes/lolspeak-chanspeak
https://knowyourmeme.com/memes/numa-numa,https://knowyourmeme.com/memes/viral-videos
https://knowyourmeme.com/memes/owned-pwned,https://knowyourmeme.com/memes/internet-slang
https://knowyourmeme.com/memes/citation-needed,https://knowyourmeme.com/memes/subcultures/xkcd
https://knowyourmeme.com/memes/animutation,https://knowyourmeme.com/memes/phonetic-translations-buffalaxing
https://knowyourmeme.com/memes/animutation,https://knowyourmeme.com/memes/phonetic-translations-buffalaxing
https://knowyourmeme.com/memes/animutation,https://knowyourmeme.com/memes/phonetic-translations-buffalaxing
https://knowyourmeme.com/memes/animutation,https://knowyourmeme.com/memes/phonetic-translations-buffalaxing
https://knowyourmeme.com/memes/animutation,https://knowyourmeme.com/memes/phonetic-translations-buffalaxing
https://knowyourmeme.com/memes/animutation,https://knowyourmeme.com/memes/phonetic-translations-buffalaxing
https://knowyourmeme.com/memes/kitler,https://knowyourmeme.com/memes/subcultures/cats
https://knowyourmeme.com/memes/chad,https://knowyourmeme.com/memes/sites/r9k
https://knowyourmeme.com/memes/chad,https://knowyourmeme.com/memes/sites/r9k
https://knowyourmeme.com/memes/crasher-squirrel,https://knowyourmeme.com/memes/photobombing
https://knowyourmeme.com/memes/david-after-dentist,https://knowyourmeme.com/memes/viral-videos
https://knowyourmeme.com/memes/david-after-dentist,https://knowyourmeme.com/memes/viral-videos
https://knowyourmeme.com/memes/dramatic-chipmunk,https://knowyourmeme.com/memes/viral-videos
https://knowyourmeme.com/memes/el-fua,https://knowyourmeme.com/memes/viral-videos
https://knowyourmeme.com/memes/hinomoto-oniko-%E6%97%A5%E6%9C%AC-%E9%AC%BC%E5%AD%90,https://knowyourmeme.com/memes/gijinka-moe-anthropomorphism
https://knowyourmeme.com/memes/horsemaning,https://knowyourmeme.com/memes/cultures/photo-fads
https://knowyourmeme.com/memes/stefan-karl-stefansson-robbie-rotten,https://knowyourmeme.com/memes/subcultures/lazytown
https://knowyourmeme.com/memes/little-fatty,https://knowyourmeme.com/memes/subcultures/kuso
https://knowyourmeme.com/memes/overly-attached-girlfriend,https://knowyourmeme.com/memes/advice-animals
https://knowyourmeme.com/memes/salt-and-ice-challenge,https://knowyourmeme.com/memes/internet-challenges
https://knowyourmeme.com/memes/grumpy-cat,https://knowyourmeme.com/memes/subcultures/cats
https://knowyourmeme.com/memes/the-burger-king,https://knowyourmeme.com/memes/subcultures/burger-king
https://knowyourmeme.com/memes/three-wolf-moon,https://knowyourmeme.com/memes/fake-customer-reviews
https://knowyourmeme.com/memes/very-erotic-very-violent-%E5%BE%88%E9%BB%84%E5%BE%88%E6%9A%B4%E5%8A%9B,https://knowyourmeme.com/memes/subcultures/human-flesh-search-engine
https://knowyourmeme.com/memes/very-good-very-powerful-%E5%BE%88%E5%A5%BD%E5%BE%88%E5%BC%BA%E5%A4%A7,https://knowyourmeme.com/memes/subcultures/world-of-warcraft
https://knowyourmeme.com/memes/ola-k-ase,https://knowyourmeme.com/memes/sites/forocoches
https://knowyourmeme.com/memes/trollface,https://knowyourmeme.com/memes/cultures/trolling
https://knowyourmeme.com/memes/trollface,https://knowyourmeme.com/memes/cultures/trolling
https://knowyourmeme.com/memes/trollface,https://knowyourmeme.com/memes/cultures/trolling
https://knowyourmeme.com/memes/trollface,https://knowyourmeme.com/memes/cultures/trolling
https://knowyourmeme.com/memes/trollface,https://knowyourmeme.com/memes/cultures/trolling
https://knowyourmeme.com/memes/rule-34,https://knowyourmeme.com/memes/rules-of-the-internet
https://knowyourmeme.com/memes/jia-jun-peng-your-mother-wants-you-to-come-home-for-dinner,https://knowyourmeme.com/memes/subcultures/kuso
https://knowyourmeme.com/memes/grammar-nazi,https://knowyourmeme.com/memes/internet-slang
https://knowyourmeme.com/memes/grammar-nazi,https://knowyourmeme.com/memes/internet-slang
https://knowyourmeme.com/memes/grammar-nazi,https://knowyourmeme.com/memes/internet-slang
https://knowyourmeme.com/memes/grammar-nazi,https://knowyourmeme.com/memes/internet-slang
https://knowyourmeme.com/memes/grammar-nazi,https://knowyourmeme.com/memes/internet-slang
https://knowyourmeme.com/memes/grammar-nazi,https://knowyourmeme.com/memes/internet-slang
https://knowyourmeme.com/memes/grammar-nazi,https://knowyourmeme.com/memes/internet-slang
https://knowyourmeme.com/memes/doge,https://knowyourmeme.com/memes/interior-monologue-captioning
https://knowyourmeme.com/memes/stoned-fox-%D1%83%D0%BF%D0%BE%D1%80%D0%BE%D1%82%D0%B0%D1%8F-%D0%BB%D0%B8%D1%81%D0%B0,https://knowyourmeme.com/memes/crappy-taxidermy
https://knowyourmeme.com/memes/youtube-poop-ytp,https://knowyourmeme.com/memes/sites/youtube
https://knowyourmeme.com/memes/youtube-poop-ytp,https://knowyourmeme.com/memes/sites/youtube
https://knowyourmeme.com/memes/youtube-poop-ytp,https://knowyourmeme.com/memes/sites/youtube
https://knowyourmeme.com/memes/youtube-poop-ytp,https://knowyourmeme.com/memes/sites/youtube
https://knowyourmeme.com/memes/youtube-poop-ytp,https://knowyourmeme.com/memes/sites/youtube
https://knowyourmeme.com/memes/youtube-poop-ytp,https://knowyourmeme.com/memes/sites/youtube
https://knowyourmeme.com/memes/youtube-poop-ytp,https://knowyourmeme.com/memes/sites/youtube
https://knowyourmeme.com/memes/youtube-poop-ytp,https://knowyourmeme.com/memes/sites/youtube
https://knowyourmeme.com/memes/youtube-poop-ytp,https://knowyourmeme.com/memes/sites/youtube
https://knowyourmeme.com/memes/youtube-poop-ytp,https://knowyourmeme.com/memes/sites/youtube
https://knowyourmeme.com/memes/youtube-poop-ytp,https://knowyourmeme.com/memes/sites/youtube
https://knowyourmeme.com/memes/youtube-poop-ytp,https://knowyourmeme.com/memes/sites/youtube
https://knowyourmeme.com/memes/youtube-poop-ytp,https://knowyourmeme.com/memes/sites/youtube
https://knowyourmeme.com/memes/youtube-poop-ytp,https://knowyourmeme.com/memes/sites/youtube
https://knowyourmeme.com/memes/youtube-poop-ytp,https://knowyourmeme.com/memes/sites/youtube
https://knowyourmeme.com/memes/youtube-poop-ytp,https://knowyourmeme.com/memes/sites/youtube
https://knowyourmeme.com/memes/youtube-poop-ytp,https://knowyourmeme.com/memes/sites/youtube
https://knowyourmeme.com/memes/youtube-poop-ytp,https://knowyourmeme.com/memes/sites/youtube
https://knowyourmeme.com/memes/youtube-poop-ytp,https://knowyourmeme.com/memes/sites/youtube
https://knowyourmeme.com/memes/youtube-poop-ytp,https://knowyourmeme.com/memes/sites/youtube
https://knowyourmeme.com/memes/youtube-poop-ytp,https://knowyourmeme.com/memes/sites/youtube
https://knowyourmeme.com/memes/youtube-poop-ytp,https://knowyourmeme.com/memes/sites/youtube
https://knowyourmeme.com/memes/youtube-poop-ytp,https://knowyourmeme.com/memes/sites/youtube
https://knowyourmeme.com/memes/youtube-poop-ytp,https://knowyourmeme.com/memes/sites/youtube
https://knowyourmeme.com/memes/youtube-poop-ytp,https://knowyourmeme.com/memes/sites/youtube
https://knowyourmeme.com/memes/youtube-poop-ytp,https://knowyourmeme.com/memes/sites/youtube
https://knowyourmeme.com/memes/youtube-poop-ytp,https://knowyourmeme.com/memes/sites/youtube
https://knowyourmeme.com/memes/youtube-poop-ytp,https://knowyourmeme.com/memes/sites/youtube
https://knowyourmeme.com/memes/youtube-poop-ytp,https://knowyourmeme.com/memes/sites/youtube
https://knowyourmeme.com/memes/youtube-poop-ytp,https://knowyourmeme.com/memes/sites/youtube
https://knowyourmeme.com/memes/youtube-poop-ytp,https://knowyourmeme.com/memes/sites/youtube
https://knowyourmeme.com/memes/youtube-poop-ytp,https://knowyourmeme.com/memes/sites/youtube
https://knowyourmeme.com/memes/youtube-poop-ytp,https://knowyourmeme.com/memes/sites/youtube
https://knowyourmeme.com/memes/youtube-poop-ytp,https://knowyourmeme.com/memes/sites/youtube
https://knowyourmeme.com/memes/youtube-poop-ytp,https://knowyourmeme.com/memes/sites/youtube
https://knowyourmeme.com/memes/i-am-error,https://knowyourmeme.com/memes/subcultures/the-legend-of-zelda
https://knowyourmeme.com/memes/its-dangerous-to-go-alone-take-this,https://knowyourmeme.com/memes/subcultures/the-legend-of-zelda
https://knowyourmeme.com/memes/ice-bucket-challenge,https://knowyourmeme.com/memes/cold-water-challenge
https://knowyourmeme.com/memes/ice-bucket-challenge,https://knowyourmeme.com/memes/cold-water-challenge
https://knowyourmeme.com/memes/ice-bucket-challenge,https://knowyourmeme.com/memes/cold-water-challenge
https://knowyourmeme.com/memes/the-glorious-pc-gaming-master-race,https://knowyourmeme.com/memes/subcultures/zero-punctuation
https://knowyourmeme.com/memes/bad-luck-brian,https://knowyourmeme.com/memes/advice-animals
https://knowyourmeme.com/memes/the-dress-what-color-is-this-dress,https://knowyourmeme.com/memes/cultures/optical-illusion
https://knowyourmeme.com/memes/charlie-charlie-challenge,https://knowyourmeme.com/memes/internet-challenges
https://knowyourmeme.com/memes/isis-chan,https://knowyourmeme.com/memes/people/isis-daesh
https://knowyourmeme.com/memes/success-kid-i-hate-sandcastles,https://knowyourmeme.com/memes/cultures/babies
https://knowyourmeme.com/memes/u-mad,https://knowyourmeme.com/memes/lolspeak-chanspeak
https://knowyourmeme.com/memes/u-mad,https://knowyourmeme.com/memes/lolspeak-chanspeak
https://knowyourmeme.com/memes/super-bowl-xlix-halftime-left-shark,https://knowyourmeme.com/memes/events/super-bowl-xlix
https://knowyourmeme.com/memes/netflix-and-chill,https://knowyourmeme.com/memes/sites/netflix
https://knowyourmeme.com/memes/scumbag-steve,https://knowyourmeme.com/memes/advice-animals
https://knowyourmeme.com/memes/scumbag-steve,https://knowyourmeme.com/memes/advice-animals
https://knowyourmeme.com/memes/scumbag-steve,https://knowyourmeme.com/memes/advice-animals
https://knowyourmeme.com/memes/scumbag-steve,https://knowyourmeme.com/memes/advice-animals
https://knowyourmeme.com/memes/scumbag-steve,https://knowyourmeme.com/memes/advice-animals
https://knowyourmeme.com/memes/scumbag-steve,https://knowyourmeme.com/memes/advice-animals
https://knowyourmeme.com/memes/scumbag-steve,https://knowyourmeme.com/memes/advice-animals
https://knowyourmeme.com/memes/scumbag-steve,https://knowyourmeme.com/memes/advice-animals
https://knowyourmeme.com/memes/shrek-is-love-shrek-is-life,https://knowyourmeme.com/memes/subcultures/shrek
https://knowyourmeme.com/memes/crying-michael-jordan,https://knowyourmeme.com/memes/people/michael-jordan
https://knowyourmeme.com/memes/bernie-or-hillary,https://knowyourmeme.com/memes/events/2016-democratic-presidential-primary
https://knowyourmeme.com/memes/yee,https://knowyourmeme.com/memes/subcultures/dingo-pictures
https://knowyourmeme.com/memes/simpsonwave,https://knowyourmeme.com/memes/cultures/vaporwave
https://knowyourmeme.com/memes/ted-cruz-zodiac-killer,https://knowyourmeme.com/memes/people/ted-cruz
https://knowyourmeme.com/memes/unexpected-john-cena-and-his-name-is-john-cena,https://knowyourmeme.com/memes/people/john-cena
https://knowyourmeme.com/memes/grimdark,https://knowyourmeme.com/memes/cultures/fan-art
https://knowyourmeme.com/memes/grimdark,https://knowyourmeme.com/memes/cultures/fan-art
https://knowyourmeme.com/memes/harambe-the-gorilla,https://knowyourmeme.com/memes/monkeys-apes
https://knowyourmeme.com/memes/dont-talk-to-me-or-my-son-ever-again,https://knowyourmeme.com/memes/subcultures/cowboy-bebop
https://knowyourmeme.com/memes/thanks-obama,https://knowyourmeme.com/memes/people/barack-obama
https://knowyourmeme.com/memes/thanks-obama,https://knowyourmeme.com/memes/people/barack-obama
https://knowyourmeme.com/memes/we-are-number-one,https://knowyourmeme.com/memes/subcultures/lazytown
https://knowyourmeme.com/memes/oh-long-johnson,https://knowyourmeme.com/memes/subcultures/cats
https://knowyourmeme.com/memes/bush-did-911,https://knowyourmeme.com/memes/events/september-11th-2001-attacks
https://knowyourmeme.com/memes/salil-sawarim-saleel-al-sawarim,https://knowyourmeme.com/memes/people/isis-daesh
https://knowyourmeme.com/memes/covfefe,https://knowyourmeme.com/memes/people/donald-trump
https://knowyourmeme.com/memes/milkshake-duck,https://knowyourmeme.com/memes/internet-slang
https://knowyourmeme.com/memes/i-took-an-arrow-in-the-knee,https://knowyourmeme.com/memes/subcultures/the-elder-scrolls-v-skyrim
https://knowyourmeme.com/memes/steamed-hams,https://knowyourmeme.com/memes/subcultures/the-simpsons
https://knowyourmeme.com/memes/distracted-boyfriend,https://knowyourmeme.com/memes/object-labeling
https://knowyourmeme.com/memes/loss,https://knowyourmeme.com/memes/subcultures/ctrlaltdel
https://knowyourmeme.com/memes/the-cake-is-a-lie,https://knowyourmeme.com/memes/subcultures/portal
https://knowyourmeme.com/memes/the-cake-is-a-lie,https://knowyourmeme.com/memes/subcultures/portal
https://knowyourmeme.com/memes/rule-63,https://knowyourmeme.com/memes/rules-of-the-internet
https://knowyourmeme.com/memes/hitlers-downfall-parodies,https://knowyourmeme.com/memes/people/adolf-hitler
https://knowyourmeme.com/memes/white-knight,https://knowyourmeme.com/memes/internet-slang
https://knowyourmeme.com/memes/cancer,https://knowyourmeme.com/memes/internet-slang
https://knowyourmeme.com/memes/automatic-mario,https://knowyourmeme.com/memes/subcultures/super-mario
https://knowyourmeme.com/memes/you-are-already-dead-omae-wa-mou-shindeiru,https://knowyourmeme.com/memes/subcultures/fist-of-the-north-star
https://knowyourmeme.com/memes/meme-man,https://knowyourmeme.com/memes/ironic-memes
https://knowyourmeme.com/memes/meme-man,https://knowyourmeme.com/memes/ironic-memes
https://knowyourmeme.com/memes/meme-man,https://knowyourmeme.com/memes/ironic-memes
https://knowyourmeme.com/memes/the-ugly-barnacle,https://knowyourmeme.com/memes/subcultures/spongebob-squarepants
https://knowyourmeme.com/memes/is-this-a-pigeon,https://knowyourmeme.com/memes/cultures/anime-manga
https://knowyourmeme.com/memes/wololo,https://knowyourmeme.com/memes/subcultures/age-of-empires
https://knowyourmeme.com/memes/my-eyes-are-up-here,https://knowyourmeme.com/memes/women-logic
https://knowyourmeme.com/memes/sparta-remix,https://knowyourmeme.com/memes/subcultures/300
https://knowyourmeme.com/memes/quizzaciously,https://knowyourmeme.com/memes/people/vsauce
https://knowyourmeme.com/memes/caturday,https://knowyourmeme.com/memes/subcultures/cats
https://knowyourmeme.com/memes/%CD%A1-%CD%9C%CA%96-%CD%A1-lenny-face,https://knowyourmeme.com/memes/emoticons
https://knowyourmeme.com/memes/longcat,https://knowyourmeme.com/memes/subcultures/cats
https://knowyourmeme.com/memes/longcat,https://knowyourmeme.com/memes/subcultures/cats
https://knowyourmeme.com/memes/dorito-face,https://knowyourmeme.com/memes/emoticons
https://knowyourmeme.com/memes/%E0%B2%A0_%E0%B2%A0-look-of-disapproval,https://knowyourmeme.com/memes/emoticons
https://knowyourmeme.com/memes/kekistan,https://knowyourmeme.com/memes/kek
https://knowyourmeme.com/memes/vivian-james,https://knowyourmeme.com/memes/events/gamergate
https://knowyourmeme.com/memes/flipping-tables-%E2%95%AF%E2%96%A1%E2%95%AF%EF%B8%B5-%E2%94%BB%E2%94%81%E2%94%BB,https://knowyourmeme.com/memes/emoticons
https://knowyourmeme.com/memes/serbia-strong-remove-kebab,https://knowyourmeme.com/memes/sites/int
https://knowyourmeme.com/memes/serbia-strong-remove-kebab,https://knowyourmeme.com/memes/sites/int
https://knowyourmeme.com/memes/its-over-9000,https://knowyourmeme.com/memes/subcultures/dragon-ball
https://knowyourmeme.com/memes/its-over-9000,https://knowyourmeme.com/memes/subcultures/dragon-ball
https://knowyourmeme.com/memes/flea-market-montgomery-commercial,https://knowyourmeme.com/memes/viral-videos
https://knowyourmeme.com/memes/navy-seal-copypasta,https://knowyourmeme.com/memes/copypasta
https://knowyourmeme.com/memes/forever-alone,https://knowyourmeme.com/memes/subcultures/rage-comics
https://knowyourmeme.com/memes/good-guy-greg,https://knowyourmeme.com/memes/advice-animals
https://knowyourmeme.com/memes/good-guy-greg,https://knowyourmeme.com/memes/advice-animals
https://knowyourmeme.com/memes/good-guy-greg,https://knowyourmeme.com/memes/advice-animals
https://knowyourmeme.com/memes/good-guy-greg,https://knowyourmeme.com/memes/advice-animals
https://knowyourmeme.com/memes/good-guy-greg,https://knowyourmeme.com/memes/advice-animals
https://knowyourmeme.com/memes/pingas,https://knowyourmeme.com/memes/subcultures/sonic-the-hedgehog
https://knowyourmeme.com/memes/pingas,https://knowyourmeme.com/memes/subcultures/sonic-the-hedgehog
https://knowyourmeme.com/memes/pingas,https://knowyourmeme.com/memes/subcultures/sonic-the-hedgehog
https://knowyourmeme.com/memes/king-harkinian--2,https://knowyourmeme.com/memes/zelda-cd-i
https://knowyourmeme.com/memes/morshu,https://knowyourmeme.com/memes/zelda-cd-i
https://knowyourmeme.com/memes/shadilay,https://knowyourmeme.com/memes/meme-magic
https://knowyourmeme.com/memes/niggernavy,https://knowyourmeme.com/memes/black-twitter
https://knowyourmeme.com/memes/virgin-vs-chad,https://knowyourmeme.com/memes/sites/r9k
https://knowyourmeme.com/memes/press-f-to-pay-respects,https://knowyourmeme.com/memes/subcultures/call-of-duty
https://knowyourmeme.com/memes/surprised-kitty,https://knowyourmeme.com/memes/subcultures/cats
https://knowyourmeme.com/memes/angry-german-kid-keyboard-crasher,https://knowyourmeme.com/memes/viral-videos
https://knowyourmeme.com/memes/a-winner-is-you,https://knowyourmeme.com/memes/engrish
https://knowyourmeme.com/memes/zalgo,https://knowyourmeme.com/memes/creepypasta
https://knowyourmeme.com/memes/do-a-barrel-roll,https://knowyourmeme.com/memes/subcultures/star-fox
https://knowyourmeme.com/memes/happy-merchant,https://knowyourmeme.com/memes/people/a-wyatt-mann
https://knowyourmeme.com/memes/ebola-chan,https://knowyourmeme.com/memes/events/2014-ebola-outbreak
https://knowyourmeme.com/memes/ebola-chan,https://knowyourmeme.com/memes/events/2014-ebola-outbreak
https://knowyourmeme.com/memes/ebola-chan,https://knowyourmeme.com/memes/events/2014-ebola-outbreak
https://knowyourmeme.com/memes/cursed-image,https://knowyourmeme.com/memes/creepypasta
https://knowyourmeme.com/memes/math-lady-confused-lady,https://knowyourmeme.com/memes/reaction-images
https://knowyourmeme.com/memes/nuclear-gandhi,https://knowyourmeme.com/memes/subcultures/civilization
https://knowyourmeme.com/memes/spongegar-primitive-sponge-caveman-spongebob,https://knowyourmeme.com/memes/subcultures/spongebob-squarepants
