meme,type
https://knowyourmeme.com/memes/yao-ming-face-bitch-please,https://knowyourmeme.com/types/character
https://knowyourmeme.com/memes/all-your-base-are-belong-to-us,https://knowyourmeme.com/types/pop-culture-reference
https://knowyourmeme.com/memes/nyan-cat,https://knowyourmeme.com/types/character
https://knowyourmeme.com/memes/nyan-cat,https://knowyourmeme.com/types/viral-video
https://knowyourmeme.com/memes/nyan-cat,https://knowyourmeme.com/types/character
https://knowyourmeme.com/memes/nyan-cat,https://knowyourmeme.com/types/viral-video
https://knowyourmeme.com/memes/nyan-cat,https://knowyourmeme.com/types/character
https://knowyourmeme.com/memes/nyan-cat,https://knowyourmeme.com/types/viral-video
https://knowyourmeme.com/memes/facepalm,https://knowyourmeme.com/types/reaction
https://knowyourmeme.com/memes/facepalm,https://knowyourmeme.com/types/reaction
https://knowyourmeme.com/memes/godwins-law,https://knowyourmeme.com/types/axiom
https://knowyourmeme.com/memes/the-invisible-pink-unicorn,https://knowyourmeme.com/types/character
https://knowyourmeme.com/memes/the-invisible-pink-unicorn,https://knowyourmeme.com/types/parody
https://knowyourmeme.com/memes/planking,https://knowyourmeme.com/types/participatory-media
https://knowyourmeme.com/memes/%E5%9B%A7,https://knowyourmeme.com/types/emoticon
https://knowyourmeme.com/memes/the-bielefeld-conspiracy,https://knowyourmeme.com/types/conspiracy-theory
https://knowyourmeme.com/memes/badger-badger-badger,https://knowyourmeme.com/types/dance
https://knowyourmeme.com/memes/badger-badger-badger,https://knowyourmeme.com/types/remix
https://knowyourmeme.com/memes/badger-badger-badger,https://knowyourmeme.com/types/viral-video
https://knowyourmeme.com/memes/mcdonalds-ran-ran-ru-commercials,https://knowyourmeme.com/types/advertisement
https://knowyourmeme.com/memes/mcdonalds-ran-ran-ru-commercials,https://knowyourmeme.com/types/remix
https://knowyourmeme.com/memes/mcdonalds-ran-ran-ru-commercials,https://knowyourmeme.com/types/viral-video
https://knowyourmeme.com/memes/pedobear,https://knowyourmeme.com/types/character
https://knowyourmeme.com/memes/chuck-norris-facts,https://knowyourmeme.com/types/image-macro
https://knowyourmeme.com/memes/goatse,https://knowyourmeme.com/types/shock-media
https://knowyourmeme.com/memes/will-it-blend,https://knowyourmeme.com/types/viral-video
https://knowyourmeme.com/memes/waluigi,https://knowyourmeme.com/types/character
https://knowyourmeme.com/memes/leekspin-loituma-girl,https://knowyourmeme.com/types/parody
https://knowyourmeme.com/memes/leekspin-loituma-girl,https://knowyourmeme.com/types/remix
https://knowyourmeme.com/memes/leekspin-loituma-girl,https://knowyourmeme.com/types/viral-video
https://knowyourmeme.com/memes/roflcopter,https://knowyourmeme.com/types/slang
https://knowyourmeme.com/memes/numa-numa,https://knowyourmeme.com/types/viral-video
https://knowyourmeme.com/memes/animutation,https://knowyourmeme.com/types/remix
https://knowyourmeme.com/memes/animutation,https://knowyourmeme.com/types/visual-effect
https://knowyourmeme.com/memes/animutation,https://knowyourmeme.com/types/remix
https://knowyourmeme.com/memes/animutation,https://knowyourmeme.com/types/visual-effect
https://knowyourmeme.com/memes/animutation,https://knowyourmeme.com/types/remix
https://knowyourmeme.com/memes/animutation,https://knowyourmeme.com/types/visual-effect
https://knowyourmeme.com/memes/animutation,https://knowyourmeme.com/types/remix
https://knowyourmeme.com/memes/animutation,https://knowyourmeme.com/types/visual-effect
https://knowyourmeme.com/memes/animutation,https://knowyourmeme.com/types/remix
https://knowyourmeme.com/memes/animutation,https://knowyourmeme.com/types/visual-effect
https://knowyourmeme.com/memes/animutation,https://knowyourmeme.com/types/remix
https://knowyourmeme.com/memes/animutation,https://knowyourmeme.com/types/visual-effect
https://knowyourmeme.com/memes/dysfunctional-family-circus,https://knowyourmeme.com/types/exploitable
https://knowyourmeme.com/memes/first-world-problems,https://knowyourmeme.com/types/catchphrase
https://knowyourmeme.com/memes/first-world-problems,https://knowyourmeme.com/types/hashtag
https://knowyourmeme.com/memes/first-world-problems,https://knowyourmeme.com/types/image-macro
https://knowyourmeme.com/memes/first-world-problems,https://knowyourmeme.com/types/catchphrase
https://knowyourmeme.com/memes/first-world-problems,https://knowyourmeme.com/types/hashtag
https://knowyourmeme.com/memes/first-world-problems,https://knowyourmeme.com/types/image-macro
https://knowyourmeme.com/memes/first-world-problems,https://knowyourmeme.com/types/catchphrase
https://knowyourmeme.com/memes/first-world-problems,https://knowyourmeme.com/types/hashtag
https://knowyourmeme.com/memes/first-world-problems,https://knowyourmeme.com/types/image-macro
https://knowyourmeme.com/memes/first-world-problems,https://knowyourmeme.com/types/catchphrase
https://knowyourmeme.com/memes/first-world-problems,https://knowyourmeme.com/types/hashtag
https://knowyourmeme.com/memes/first-world-problems,https://knowyourmeme.com/types/image-macro
https://knowyourmeme.com/memes/first-world-problems,https://knowyourmeme.com/types/catchphrase
https://knowyourmeme.com/memes/first-world-problems,https://knowyourmeme.com/types/hashtag
https://knowyourmeme.com/memes/first-world-problems,https://knowyourmeme.com/types/image-macro
https://knowyourmeme.com/memes/first-world-problems,https://knowyourmeme.com/types/catchphrase
https://knowyourmeme.com/memes/first-world-problems,https://knowyourmeme.com/types/hashtag
https://knowyourmeme.com/memes/first-world-problems,https://knowyourmeme.com/types/image-macro
https://knowyourmeme.com/memes/first-world-problems,https://knowyourmeme.com/types/catchphrase
https://knowyourmeme.com/memes/first-world-problems,https://knowyourmeme.com/types/hashtag
https://knowyourmeme.com/memes/first-world-problems,https://knowyourmeme.com/types/image-macro
https://knowyourmeme.com/memes/first-world-problems,https://knowyourmeme.com/types/catchphrase
https://knowyourmeme.com/memes/first-world-problems,https://knowyourmeme.com/types/hashtag
https://knowyourmeme.com/memes/first-world-problems,https://knowyourmeme.com/types/image-macro
https://knowyourmeme.com/memes/goodtimes-virus,https://knowyourmeme.com/types/hoax
https://knowyourmeme.com/memes/headon,https://knowyourmeme.com/types/advertisement
https://knowyourmeme.com/memes/headon,https://knowyourmeme.com/types/catchphrase
https://knowyourmeme.com/memes/horsemaning,https://knowyourmeme.com/types/optical-illusion
https://knowyourmeme.com/memes/horsemaning,https://knowyourmeme.com/types/participatory-media
https://knowyourmeme.com/memes/impossible-is-nothing,https://knowyourmeme.com/types/viral-video
https://knowyourmeme.com/memes/stefan-karl-stefansson-robbie-rotten,https://knowyourmeme.com/types/character
https://knowyourmeme.com/memes/overly-attached-girlfriend,https://knowyourmeme.com/types/image-macro
https://knowyourmeme.com/memes/salt-and-ice-challenge,https://knowyourmeme.com/types/participatory-media
https://knowyourmeme.com/memes/salt-and-ice-challenge,https://knowyourmeme.com/types/social-game
https://knowyourmeme.com/memes/grumpy-cat,https://knowyourmeme.com/types/animal
https://knowyourmeme.com/memes/grumpy-cat,https://knowyourmeme.com/types/image-macro
https://knowyourmeme.com/memes/grumpy-cat,https://knowyourmeme.com/types/photoshop
https://knowyourmeme.com/memes/grumpy-cat,https://knowyourmeme.com/types/character
https://knowyourmeme.com/memes/the-time-cube,https://knowyourmeme.com/types/conspiracy-theory
https://knowyourmeme.com/memes/trollface,https://knowyourmeme.com/types/character
https://knowyourmeme.com/memes/trollface,https://knowyourmeme.com/types/character
https://knowyourmeme.com/memes/trollface,https://knowyourmeme.com/types/character
https://knowyourmeme.com/memes/trollface,https://knowyourmeme.com/types/character
https://knowyourmeme.com/memes/trollface,https://knowyourmeme.com/types/character
https://knowyourmeme.com/memes/rule-34,https://knowyourmeme.com/types/axiom
https://knowyourmeme.com/memes/grammar-nazi,https://knowyourmeme.com/types/slang
https://knowyourmeme.com/memes/grammar-nazi,https://knowyourmeme.com/types/slang
https://knowyourmeme.com/memes/grammar-nazi,https://knowyourmeme.com/types/slang
https://knowyourmeme.com/memes/grammar-nazi,https://knowyourmeme.com/types/slang
https://knowyourmeme.com/memes/grammar-nazi,https://knowyourmeme.com/types/slang
https://knowyourmeme.com/memes/grammar-nazi,https://knowyourmeme.com/types/slang
https://knowyourmeme.com/memes/grammar-nazi,https://knowyourmeme.com/types/slang
https://knowyourmeme.com/memes/doge,https://knowyourmeme.com/types/character
https://knowyourmeme.com/memes/doge,https://knowyourmeme.com/types/animal
https://knowyourmeme.com/memes/doge,https://knowyourmeme.com/types/slang
https://knowyourmeme.com/memes/youtube-poop-ytp,https://knowyourmeme.com/types/remix
https://knowyourmeme.com/memes/youtube-poop-ytp,https://knowyourmeme.com/types/remix
https://knowyourmeme.com/memes/youtube-poop-ytp,https://knowyourmeme.com/types/remix
https://knowyourmeme.com/memes/youtube-poop-ytp,https://knowyourmeme.com/types/remix
https://knowyourmeme.com/memes/youtube-poop-ytp,https://knowyourmeme.com/types/remix
https://knowyourmeme.com/memes/youtube-poop-ytp,https://knowyourmeme.com/types/remix
https://knowyourmeme.com/memes/youtube-poop-ytp,https://knowyourmeme.com/types/remix
https://knowyourmeme.com/memes/youtube-poop-ytp,https://knowyourmeme.com/types/remix
https://knowyourmeme.com/memes/youtube-poop-ytp,https://knowyourmeme.com/types/remix
https://knowyourmeme.com/memes/youtube-poop-ytp,https://knowyourmeme.com/types/remix
https://knowyourmeme.com/memes/youtube-poop-ytp,https://knowyourmeme.com/types/remix
https://knowyourmeme.com/memes/youtube-poop-ytp,https://knowyourmeme.com/types/remix
https://knowyourmeme.com/memes/youtube-poop-ytp,https://knowyourmeme.com/types/remix
https://knowyourmeme.com/memes/youtube-poop-ytp,https://knowyourmeme.com/types/remix
https://knowyourmeme.com/memes/youtube-poop-ytp,https://knowyourmeme.com/types/remix
https://knowyourmeme.com/memes/youtube-poop-ytp,https://knowyourmeme.com/types/remix
https://knowyourmeme.com/memes/youtube-poop-ytp,https://knowyourmeme.com/types/remix
https://knowyourmeme.com/memes/youtube-poop-ytp,https://knowyourmeme.com/types/remix
https://knowyourmeme.com/memes/youtube-poop-ytp,https://knowyourmeme.com/types/remix
https://knowyourmeme.com/memes/youtube-poop-ytp,https://knowyourmeme.com/types/remix
https://knowyourmeme.com/memes/youtube-poop-ytp,https://knowyourmeme.com/types/remix
https://knowyourmeme.com/memes/youtube-poop-ytp,https://knowyourmeme.com/types/remix
https://knowyourmeme.com/memes/youtube-poop-ytp,https://knowyourmeme.com/types/remix
https://knowyourmeme.com/memes/youtube-poop-ytp,https://knowyourmeme.com/types/remix
https://knowyourmeme.com/memes/youtube-poop-ytp,https://knowyourmeme.com/types/remix
https://knowyourmeme.com/memes/youtube-poop-ytp,https://knowyourmeme.com/types/remix
https://knowyourmeme.com/memes/youtube-poop-ytp,https://knowyourmeme.com/types/remix
https://knowyourmeme.com/memes/youtube-poop-ytp,https://knowyourmeme.com/types/remix
https://knowyourmeme.com/memes/youtube-poop-ytp,https://knowyourmeme.com/types/remix
https://knowyourmeme.com/memes/youtube-poop-ytp,https://knowyourmeme.com/types/remix
https://knowyourmeme.com/memes/youtube-poop-ytp,https://knowyourmeme.com/types/remix
https://knowyourmeme.com/memes/youtube-poop-ytp,https://knowyourmeme.com/types/remix
https://knowyourmeme.com/memes/youtube-poop-ytp,https://knowyourmeme.com/types/remix
https://knowyourmeme.com/memes/youtube-poop-ytp,https://knowyourmeme.com/types/remix
https://knowyourmeme.com/memes/youtube-poop-ytp,https://knowyourmeme.com/types/remix
https://knowyourmeme.com/memes/i-am-error,https://knowyourmeme.com/types/pop-culture-reference
https://knowyourmeme.com/memes/its-dangerous-to-go-alone-take-this,https://knowyourmeme.com/types/pop-culture-reference
https://knowyourmeme.com/memes/ice-bucket-challenge,https://knowyourmeme.com/types/participatory-media
https://knowyourmeme.com/memes/ice-bucket-challenge,https://knowyourmeme.com/types/social-game
https://knowyourmeme.com/memes/ice-bucket-challenge,https://knowyourmeme.com/types/participatory-media
https://knowyourmeme.com/memes/ice-bucket-challenge,https://knowyourmeme.com/types/social-game
https://knowyourmeme.com/memes/ice-bucket-challenge,https://knowyourmeme.com/types/participatory-media
https://knowyourmeme.com/memes/ice-bucket-challenge,https://knowyourmeme.com/types/social-game
https://knowyourmeme.com/memes/the-glorious-pc-gaming-master-race,https://knowyourmeme.com/types/character
https://knowyourmeme.com/memes/the-glorious-pc-gaming-master-race,https://knowyourmeme.com/types/slang
https://knowyourmeme.com/memes/bad-luck-brian,https://knowyourmeme.com/types/character
https://knowyourmeme.com/memes/bad-luck-brian,https://knowyourmeme.com/types/image-macro
https://knowyourmeme.com/memes/the-dress-what-color-is-this-dress,https://knowyourmeme.com/types/optical-illusion
https://knowyourmeme.com/memes/the-dress-what-color-is-this-dress,https://knowyourmeme.com/types/viral-debate
https://knowyourmeme.com/memes/charlie-charlie-challenge,https://knowyourmeme.com/types/participatory-media
https://knowyourmeme.com/memes/charlie-charlie-challenge,https://knowyourmeme.com/types/social-game
https://knowyourmeme.com/memes/success-kid-i-hate-sandcastles,https://knowyourmeme.com/types/image-macro
https://knowyourmeme.com/memes/u-mad,https://knowyourmeme.com/types/reaction
https://knowyourmeme.com/memes/u-mad,https://knowyourmeme.com/types/catchphrase
https://knowyourmeme.com/memes/u-mad,https://knowyourmeme.com/types/reaction
https://knowyourmeme.com/memes/u-mad,https://knowyourmeme.com/types/catchphrase
https://knowyourmeme.com/memes/pepe-the-frog,https://knowyourmeme.com/types/character
https://knowyourmeme.com/memes/pepe-the-frog,https://knowyourmeme.com/types/exploitable
https://knowyourmeme.com/memes/pepe-the-frog,https://knowyourmeme.com/types/character
https://knowyourmeme.com/memes/pepe-the-frog,https://knowyourmeme.com/types/exploitable
https://knowyourmeme.com/memes/pepe-the-frog,https://knowyourmeme.com/types/character
https://knowyourmeme.com/memes/pepe-the-frog,https://knowyourmeme.com/types/exploitable
https://knowyourmeme.com/memes/pepe-the-frog,https://knowyourmeme.com/types/character
https://knowyourmeme.com/memes/pepe-the-frog,https://knowyourmeme.com/types/exploitable
https://knowyourmeme.com/memes/pepe-the-frog,https://knowyourmeme.com/types/character
https://knowyourmeme.com/memes/pepe-the-frog,https://knowyourmeme.com/types/exploitable
https://knowyourmeme.com/memes/pepe-the-frog,https://knowyourmeme.com/types/character
https://knowyourmeme.com/memes/pepe-the-frog,https://knowyourmeme.com/types/exploitable
https://knowyourmeme.com/memes/pepe-the-frog,https://knowyourmeme.com/types/character
https://knowyourmeme.com/memes/pepe-the-frog,https://knowyourmeme.com/types/exploitable
https://knowyourmeme.com/memes/pepe-the-frog,https://knowyourmeme.com/types/character
https://knowyourmeme.com/memes/pepe-the-frog,https://knowyourmeme.com/types/exploitable
https://knowyourmeme.com/memes/pepe-the-frog,https://knowyourmeme.com/types/character
https://knowyourmeme.com/memes/pepe-the-frog,https://knowyourmeme.com/types/exploitable
https://knowyourmeme.com/memes/pepe-the-frog,https://knowyourmeme.com/types/character
https://knowyourmeme.com/memes/pepe-the-frog,https://knowyourmeme.com/types/exploitable
https://knowyourmeme.com/memes/pepe-the-frog,https://knowyourmeme.com/types/character
https://knowyourmeme.com/memes/pepe-the-frog,https://knowyourmeme.com/types/exploitable
https://knowyourmeme.com/memes/pepe-the-frog,https://knowyourmeme.com/types/character
https://knowyourmeme.com/memes/pepe-the-frog,https://knowyourmeme.com/types/exploitable
https://knowyourmeme.com/memes/be-like-bill,https://knowyourmeme.com/types/exploitable
https://knowyourmeme.com/memes/netflix-and-chill,https://knowyourmeme.com/types/hashtag
https://knowyourmeme.com/memes/netflix-and-chill,https://knowyourmeme.com/types/image-macro
https://knowyourmeme.com/memes/netflix-and-chill,https://knowyourmeme.com/types/slang
https://knowyourmeme.com/memes/scumbag-steve,https://knowyourmeme.com/types/character
https://knowyourmeme.com/memes/scumbag-steve,https://knowyourmeme.com/types/image-macro
https://knowyourmeme.com/memes/scumbag-steve,https://knowyourmeme.com/types/character
https://knowyourmeme.com/memes/scumbag-steve,https://knowyourmeme.com/types/image-macro
https://knowyourmeme.com/memes/scumbag-steve,https://knowyourmeme.com/types/character
https://knowyourmeme.com/memes/scumbag-steve,https://knowyourmeme.com/types/image-macro
https://knowyourmeme.com/memes/scumbag-steve,https://knowyourmeme.com/types/character
https://knowyourmeme.com/memes/scumbag-steve,https://knowyourmeme.com/types/image-macro
https://knowyourmeme.com/memes/scumbag-steve,https://knowyourmeme.com/types/character
https://knowyourmeme.com/memes/scumbag-steve,https://knowyourmeme.com/types/image-macro
https://knowyourmeme.com/memes/scumbag-steve,https://knowyourmeme.com/types/character
https://knowyourmeme.com/memes/scumbag-steve,https://knowyourmeme.com/types/image-macro
https://knowyourmeme.com/memes/scumbag-steve,https://knowyourmeme.com/types/character
https://knowyourmeme.com/memes/scumbag-steve,https://knowyourmeme.com/types/image-macro
https://knowyourmeme.com/memes/scumbag-steve,https://knowyourmeme.com/types/character
https://knowyourmeme.com/memes/scumbag-steve,https://knowyourmeme.com/types/image-macro
https://knowyourmeme.com/memes/shrek-is-love-shrek-is-life,https://knowyourmeme.com/types/copypasta
https://knowyourmeme.com/memes/crying-michael-jordan,https://knowyourmeme.com/types/photoshop
https://knowyourmeme.com/memes/crying-michael-jordan,https://knowyourmeme.com/types/reaction
https://knowyourmeme.com/memes/bernie-or-hillary,https://knowyourmeme.com/types/photoshop
https://knowyourmeme.com/memes/simpsonwave,https://knowyourmeme.com/types/remix
https://knowyourmeme.com/memes/ted-cruz-zodiac-killer,https://knowyourmeme.com/types/hoax
https://knowyourmeme.com/memes/unexpected-john-cena-and-his-name-is-john-cena,https://knowyourmeme.com/types/remix
https://knowyourmeme.com/memes/harambe-the-gorilla,https://knowyourmeme.com/types/animal
https://knowyourmeme.com/memes/dont-talk-to-me-or-my-son-ever-again,https://knowyourmeme.com/types/catchphrase
https://knowyourmeme.com/memes/we-are-number-one,https://knowyourmeme.com/types/remix
https://knowyourmeme.com/memes/we-are-number-one,https://knowyourmeme.com/types/song
https://knowyourmeme.com/memes/we-are-number-one,https://knowyourmeme.com/types/catchphrase
https://knowyourmeme.com/memes/we-are-number-one,https://knowyourmeme.com/types/dance
https://knowyourmeme.com/memes/we-are-number-one,https://knowyourmeme.com/types/viral-video
https://knowyourmeme.com/memes/we-are-number-one,https://knowyourmeme.com/types/visual-effect
https://knowyourmeme.com/memes/banana-sprite-challenge,https://knowyourmeme.com/types/participatory-media
https://knowyourmeme.com/memes/banana-sprite-challenge,https://knowyourmeme.com/types/social-game
https://knowyourmeme.com/memes/salil-sawarim-saleel-al-sawarim,https://knowyourmeme.com/types/song
https://knowyourmeme.com/memes/covfefe,https://knowyourmeme.com/types/slang
https://knowyourmeme.com/memes/covfefe,https://knowyourmeme.com/types/pop-culture-reference
https://knowyourmeme.com/memes/milkshake-duck,https://knowyourmeme.com/types/slang
https://knowyourmeme.com/memes/i-took-an-arrow-in-the-knee,https://knowyourmeme.com/types/pop-culture-reference
https://knowyourmeme.com/memes/steamed-hams,https://knowyourmeme.com/types/catchphrase
https://knowyourmeme.com/memes/the-mandela-effect,https://knowyourmeme.com/types/axiom
https://knowyourmeme.com/memes/the-mandela-effect,https://knowyourmeme.com/types/slang
https://knowyourmeme.com/memes/distracted-boyfriend,https://knowyourmeme.com/types/image-macro
https://knowyourmeme.com/memes/distracted-boyfriend,https://knowyourmeme.com/types/photoshop
https://knowyourmeme.com/memes/loss,https://knowyourmeme.com/types/parody
https://knowyourmeme.com/memes/the-cake-is-a-lie,https://knowyourmeme.com/types/pop-culture-reference
https://knowyourmeme.com/memes/the-cake-is-a-lie,https://knowyourmeme.com/types/pop-culture-reference
https://knowyourmeme.com/memes/rule-63,https://knowyourmeme.com/types/axiom
https://knowyourmeme.com/memes/fuck-her-right-in-the-pussy-fhritp,https://knowyourmeme.com/types/hoax
https://knowyourmeme.com/memes/cancer,https://knowyourmeme.com/types/slang
https://knowyourmeme.com/memes/disaster-girl,https://knowyourmeme.com/types/exploitable
https://knowyourmeme.com/memes/disaster-girl,https://knowyourmeme.com/types/photoshop
https://knowyourmeme.com/memes/you-are-already-dead-omae-wa-mou-shindeiru,https://knowyourmeme.com/types/catchphrase
https://knowyourmeme.com/memes/you-are-already-dead-omae-wa-mou-shindeiru,https://knowyourmeme.com/types/reaction
https://knowyourmeme.com/memes/meme-man,https://knowyourmeme.com/types/character
https://knowyourmeme.com/memes/meme-man,https://knowyourmeme.com/types/character
https://knowyourmeme.com/memes/meme-man,https://knowyourmeme.com/types/character
https://knowyourmeme.com/memes/is-this-a-pigeon,https://knowyourmeme.com/types/exploitable
https://knowyourmeme.com/memes/hello-darkness-my-old-friend,https://knowyourmeme.com/types/song
https://knowyourmeme.com/memes/scarlett-johansson-falling-down,https://knowyourmeme.com/types/exploitable
https://knowyourmeme.com/memes/%CD%A1-%CD%9C%CA%96-%CD%A1-lenny-face,https://knowyourmeme.com/types/emoticon
https://knowyourmeme.com/memes/dorito-face,https://knowyourmeme.com/types/emoticon
https://knowyourmeme.com/memes/%E0%B2%A0_%E0%B2%A0-look-of-disapproval,https://knowyourmeme.com/types/emoticon
https://knowyourmeme.com/memes/wojak,https://knowyourmeme.com/types/character
https://knowyourmeme.com/memes/wojak,https://knowyourmeme.com/types/character
https://knowyourmeme.com/memes/wojak,https://knowyourmeme.com/types/character
https://knowyourmeme.com/memes/wojak,https://knowyourmeme.com/types/character
https://knowyourmeme.com/memes/wojak,https://knowyourmeme.com/types/character
https://knowyourmeme.com/memes/wojak,https://knowyourmeme.com/types/character
https://knowyourmeme.com/memes/wojak,https://knowyourmeme.com/types/character
https://knowyourmeme.com/memes/flipping-tables-%E2%95%AF%E2%96%A1%E2%95%AF%EF%B8%B5-%E2%94%BB%E2%94%81%E2%94%BB,https://knowyourmeme.com/types/emoticon
https://knowyourmeme.com/memes/serbia-strong-remove-kebab,https://knowyourmeme.com/types/song
https://knowyourmeme.com/memes/serbia-strong-remove-kebab,https://knowyourmeme.com/types/viral-video
https://knowyourmeme.com/memes/serbia-strong-remove-kebab,https://knowyourmeme.com/types/song
https://knowyourmeme.com/memes/serbia-strong-remove-kebab,https://knowyourmeme.com/types/viral-video
https://knowyourmeme.com/memes/its-over-9000,https://knowyourmeme.com/types/catchphrase
https://knowyourmeme.com/memes/its-over-9000,https://knowyourmeme.com/types/catchphrase
https://knowyourmeme.com/memes/flea-market-montgomery-commercial,https://knowyourmeme.com/types/advertisement
https://knowyourmeme.com/memes/flea-market-montgomery-commercial,https://knowyourmeme.com/types/viral-video
https://knowyourmeme.com/memes/navy-seal-copypasta,https://knowyourmeme.com/types/copypasta
https://knowyourmeme.com/memes/forever-alone,https://knowyourmeme.com/types/character
https://knowyourmeme.com/memes/king-harkinian--2,https://knowyourmeme.com/types/character
https://knowyourmeme.com/memes/morshu,https://knowyourmeme.com/types/character
https://knowyourmeme.com/memes/morshu,https://knowyourmeme.com/types/viral-video
https://knowyourmeme.com/memes/niggernavy,https://knowyourmeme.com/types/hashtag
https://knowyourmeme.com/memes/virgin-vs-chad,https://knowyourmeme.com/types/image-macro
https://knowyourmeme.com/memes/virgin-vs-chad,https://knowyourmeme.com/types/slang
https://knowyourmeme.com/memes/virgin-vs-chad,https://knowyourmeme.com/types/exploitable
https://knowyourmeme.com/memes/press-f-to-pay-respects,https://knowyourmeme.com/types/catchphrase
https://knowyourmeme.com/memes/a-winner-is-you,https://knowyourmeme.com/types/pop-culture-reference
https://knowyourmeme.com/memes/do-a-barrel-roll,https://knowyourmeme.com/types/pop-culture-reference
https://knowyourmeme.com/memes/do-a-barrel-roll,https://knowyourmeme.com/types/catchphrase
https://knowyourmeme.com/memes/happy-merchant,https://knowyourmeme.com/types/character
https://knowyourmeme.com/memes/happy-merchant,https://knowyourmeme.com/types/cliche
https://knowyourmeme.com/memes/karen,https://knowyourmeme.com/types/slang
https://knowyourmeme.com/memes/math-lady-confused-lady,https://knowyourmeme.com/types/reaction
https://knowyourmeme.com/memes/spongegar-primitive-sponge-caveman-spongebob,https://knowyourmeme.com/types/character
https://knowyourmeme.com/memes/spongegar-primitive-sponge-caveman-spongebob,https://knowyourmeme.com/types/photoshop
