id,name,url,width,height,box_count,times_used
181913649,Drake Hotline Bling,https://i.imgflip.com/30b1gx.jpg,1200,1200,2,1289000
87743020,Two Buttons,https://i.imgflip.com/1g8my4.jpg,600,908,3,1016500
112126428,Distracted Boyfriend,https://i.imgflip.com/1ur9b0.jpg,1200,800,3,1042250
124822590,Left Exit 12 Off Ramp,https://i.imgflip.com/22bdq6.jpg,804,767,3,645750
222403160,Bernie I Am Once Again Asking For Your Support,https://i.imgflip.com/3oevdk.jpg,750,750,2,294500
131087935,Running Away Balloon,https://i.imgflip.com/261o3j.jpg,761,1024,5,538250
217743513,UNO Draw 25 Cards,https://i.imgflip.com/3lmzyx.jpg,500,494,2,561250
129242436,Change My Mind,https://i.imgflip.com/24y43o.jpg,482,361,2,626000
161865971,Marked Safe From,https://i.imgflip.com/2odckz.jpg,618,499,2,187750
135256802,Epic Handshake,https://i.imgflip.com/28j0te.jpg,900,645,3,218250
80707627,Sad Pablo Escobar,https://i.imgflip.com/1c1uej.jpg,720,709,3,208500
131940431,Gru's Plan,https://i.imgflip.com/26jxvz.jpg,700,449,4,311250
4087833,Waiting Skeleton,https://i.imgflip.com/2fm6x.jpg,298,403,2,428750
252600902,Always Has Been,https://i.imgflip.com/46e43q.png,960,540,2,187750
438680,Batman Slapping Robin,https://i.imgflip.com/9ehk.jpg,400,387,2,615000
322841258,Anakin Padme 4 Panel,https://i.imgflip.com/5c7lwq.png,768,768,3,111750
97984,Disaster Girl,https://i.imgflip.com/23ls.jpg,500,375,2,344500
247375501,Buff Doge vs. Cheems,https://i.imgflip.com/43a45p.png,937,720,4,335500
188390779,Woman Yelling At Cat,https://i.imgflip.com/345v97.jpg,680,438,2,357500
91538330,"X, X Everywhere",https://i.imgflip.com/1ihzfe.jpg,2118,1440,2,357750
309868304,Trade Offer,https://i.imgflip.com/54hjww.jpg,607,794,3,101500
102156234,Mocking Spongebob,https://i.imgflip.com/1otk96.jpg,502,353,2,419250
110163934,I Bet He's Thinking About Other Women,https://i.imgflip.com/1tl71a.jpg,1654,930,2,150250
93895088,Expanding Brain,https://i.imgflip.com/1jwhww.jpg,857,1202,4,440000
178591752,Tuxedo Winnie The Pooh,https://i.imgflip.com/2ybua0.png,800,582,2,244250
61544,Success Kid,https://i.imgflip.com/1bhk.jpg,500,500,2,139000
61579,One Does Not Simply,https://i.imgflip.com/1bij.jpg,568,335,2,456000
148909805,Monkey Puppet,https://i.imgflip.com/2gnnjh.jpg,923,768,2,200000
79132341,Bike Fall,https://i.imgflip.com/1b42wl.jpg,500,680,3,119750
124055727,Y'all Got Any More Of That,https://i.imgflip.com/21uy0f.jpg,600,471,2,201500
101470,Ancient Aliens,https://i.imgflip.com/26am.jpg,500,437,2,359500
224015000,Bernie Sanders Once Again Asking,https://i.imgflip.com/3pdf2w.png,926,688,2,48500
180190441,They're The Same Picture,https://i.imgflip.com/2za3u1.jpg,1363,1524,3,157750
3218037,This Is Where I'd Put My Trophy If I Had One,https://i.imgflip.com/1wz1x.jpg,300,418,2,136750
195515965,Clown Applying Makeup,https://i.imgflip.com/38el31.jpg,750,798,4,111000
252758727,Mother Ignoring Kid Drowning In A Pool,https://i.imgflip.com/46hhvr.jpg,782,1032,4,54750
1035805,Boardroom Meeting Suggestion,https://i.imgflip.com/m78d.jpg,500,649,4,385500
27813981,Hide the Pain Harold,https://i.imgflip.com/gk5el.jpg,480,601,2,220000
28251713,Oprah You Get A,https://i.imgflip.com/gtj5t.jpg,620,465,2,200000
100777631,Is This A Pigeon,https://i.imgflip.com/1o00in.jpg,1587,1425,3,214250
370867422,Megamind peeking,https://i.imgflip.com/64sz4u.png,540,540,2,79500
166969924,Flex Tape,https://i.imgflip.com/2reqtg.png,510,572,3,66750
119139145,Blank Nut Button,https://i.imgflip.com/1yxkcp.jpg,600,446,2,300500
177682295,You Guys are Getting Paid,https://i.imgflip.com/2xscjb.png,520,358,2,54500
316466202,where monkey,https://i.imgflip.com/58eyvu.png,1113,629,2,55250
55311130,This Is Fine,https://i.imgflip.com/wxica.jpg,580,282,2,128000
284929871,They don't know,https://i.imgflip.com/4pn1an.png,671,673,2,39750
427308417,"0 days without (Lenny, Simpsons)",https://i.imgflip.com/72epa9.png,619,403,2,23750
67452763,Squidward window,https://i.imgflip.com/145qvv.jpg,598,420,2,47750
101956210,Whisper and Goosebumps,https://i.imgflip.com/1op9wy.jpg,600,600,2,49250
89370399,Roll Safe Think About It,https://i.imgflip.com/1h7in3.jpg,702,395,2,317250
99683372,Sleeping Shaq,https://i.imgflip.com/1nck6k.jpg,640,631,2,97500
247113703,A train hitting a school bus,https://i.imgflip.com/434i5j.png,920,1086,2,56500
259237855,Laughing Leo,https://i.imgflip.com/4acd7j.png,470,470,2,94750
187102311,Three-headed Dragon,https://i.imgflip.com/33e92f.jpg,680,544,4,38250
114585149,Inhaling Seagull,https://i.imgflip.com/1w7ygt.jpg,1269,2825,4,232750
84341851,Evil Kermit,https://i.imgflip.com/1e7ql7.jpg,700,325,2,145000
155067746,Surprised Pikachu,https://i.imgflip.com/2kbn1e.jpg,1893,1893,3,233250
171305372,Soldier protecting sleeping child,https://i.imgflip.com/2tzo2k.jpg,540,440,3,35500
91998305,Drake Blank,https://i.imgflip.com/1iruch.jpg,717,717,2,59750
21735,The Rock Driving,https://i.imgflip.com/grr.jpg,568,700,2,214750
135678846,Who Killed Hannibal,https://i.imgflip.com/28s2gu.jpg,1280,1440,3,130250
119215120,Types of Headaches meme,https://i.imgflip.com/1yz6z4.jpg,483,497,2,57500
221578498,Grant Gustin over grave,https://i.imgflip.com/3nx72a.png,500,475,2,47750
77045868,Pawn Stars Best I Can Do,https://i.imgflip.com/19vcz0.jpg,624,352,2,40500
216523697,All My Homies Hate,https://i.imgflip.com/3kwur5.jpg,680,615,2,49000
226297822,Panik Kalm Panik,https://i.imgflip.com/3qqcim.png,640,881,3,203250
5496396,Leonardo Dicaprio Cheers,https://i.imgflip.com/39t1o.jpg,600,400,2,227750
512988872,Happy dolphin rainbow,https://i.imgflip.com/8hf4qw.jpg,716,477,2,6000
354700819,Two guys on a bus,https://i.imgflip.com/5v6gwj.jpg,762,675,2,14250
224514655,Anime Girl Hiding from Terminator,https://i.imgflip.com/3po4m7.jpg,581,633,2,45750
234202281,AJ Styles & Undertaker,https://i.imgflip.com/3vfrmx.jpg,933,525,2,33750
50421420,Disappointed Black Guy,https://i.imgflip.com/u0pf0.jpg,1172,756,2,60000
342785297,Gus Fring we are not the same,https://i.imgflip.com/5o32tt.png,700,1000,3,35000
14371066,Star Wars Yoda,https://i.imgflip.com/8k0sa.jpg,620,714,2,131000
61520,Futurama Fry,https://i.imgflip.com/1bgw.jpg,552,414,2,299500
371619279,Megamind no bitches,https://i.imgflip.com/65939r.jpg,674,734,2,24250
61556,Grandma Finds The Internet,https://i.imgflip.com/1bhw.jpg,640,480,2,157000
142009471,is this butterfly,https://i.imgflip.com/2cjr7j.jpg,1587,1425,3,29500
137501417,Friendship ended,https://i.imgflip.com/29v4rt.jpg,800,600,2,31250
134797956,American Chopper Argument,https://i.imgflip.com/2896ro.jpg,640,1800,5,175500
360597639,whe i'm in a competition and my opponent is,https://i.imgflip.com/5youx3.jpg,916,900,2,21250
72525473,say the line bart! simpsons,https://i.imgflip.com/176h0h.jpg,395,650,3,26750
101288,Third World Skeptical Kid,https://i.imgflip.com/265k.jpg,426,426,2,177250
123999232,The Scroll Of Truth,https://i.imgflip.com/21tqf4.jpg,1280,1236,2,219000
208915813,George Bush 9/11,https://i.imgflip.com/3gdsh1.jpg,300,180,2,13750
110133729,spiderman pointing at spiderman,https://i.imgflip.com/1tkjq9.jpg,800,450,2,53750
162372564,Domino Effect,https://i.imgflip.com/2oo7h0.jpg,820,565,2,30750
29617627,Look At Me,https://i.imgflip.com/hmt3v.jpg,300,300,2,59750
91545132,Trump Bill Signing,https://i.imgflip.com/1ii4oc.jpg,1866,1529,2,146000
6235864,Finding Neverland,https://i.imgflip.com/3pnmg.jpg,423,600,3,157000
206151308,Spider Man Triple,https://i.imgflip.com/3eqjd8.jpg,600,551,3,26750
145139900,Scooby doo mask reveal,https://i.imgflip.com/2eeunw.jpg,720,960,4,25000
196652226,Spongebob Ight Imma Head Out,https://i.imgflip.com/392xtu.jpg,822,960,2,122500
247756783,patrick to do list actually blank,https://i.imgflip.com/43iacv.jpg,1000,625,3,10000
61532,The Most Interesting Man In The World,https://i.imgflip.com/1bh8.jpg,550,690,2,215500
92084495,Charlie Conspiracy (Always Sunny in Philidelphia),https://i.imgflip.com/1itoun.jpg,1024,768,2,30750
249257686,Bugs bunny communist,https://i.imgflip.com/44eggm.png,460,284,2,43500
20007896,c'mon do something,https://i.imgflip.com/bwu6w.jpg,448,519,2,29500
533936279,Bell Curve,https://i.imgflip.com/8tw3vb.png,675,499,2,20000
